city,lat,lng,country,iso2,iso3,population
Tokyo,35.6897,139.6922,Japan,JP,JPN,37732000
Jakarta,-6.175,106.8275,Indonesia,ID,IDN,33756000
Delhi,28.61,77.23,India,IN,IND,32226000
Guangzhou,23.13,113.26,China,CN,CHN,26940000
Mumbai,19.0761,72.8775,India,IN,IND,24973000
Manila,14.5958,120.9772,Philippines,PH,PHL,24922000
Shanghai,31.2286,121.4747,China,CN,CHN,24073000
São Paulo,-23.55,-46.6333,Brazil,BR,BRA,23086000
Seoul,37.56,126.99,"Korea, South",KR,KOR,23016000
Mexico City,19.4333,-99.1333,Mexico,MX,MEX,21804000
Cairo,30.0444,31.2358,Egypt,EG,EGY,20296000
New York,40.6943,-73.9249,United States,US,USA,18908608
Dhaka,23.7639,90.3889,Bangladesh,BD,BGD,18627000
Beijing,39.9067,116.3975,China,CN,CHN,18522000
Kolkāta,22.5675,88.37,India,IN,IND,18502000
Bangkok,13.7525,100.4942,Thailand,TH,THA,18007000
Shenzhen,22.5415,114.0596,China,CN,CHN,17619000
Moscow,55.7558,37.6172,Russia,RU,RUS,17332000
Buenos Aires,-34.6033,-58.3817,Argentina,AR,ARG,16710000
Lagos,6.455,3.3841,Nigeria,NG,NGA,16637000
Istanbul,41.0136,28.955,Turkey,TR,TUR,16079000
Karachi,24.86,67.01,Pakistan,PK,PAK,15738000
Bangalore,12.9789,77.5917,India,IN,IND,15386000
Ho Chi Minh City,10.7756,106.7019,Vietnam,VN,VNM,15136000
Ōsaka,34.6939,135.5022,Japan,JP,JPN,15126000
Chengdu,30.66,104.0633,China,CN,CHN,14645000
Tehran,35.6892,51.3889,Iran,IR,IRN,14148000
Kinshasa,-4.3219,15.3119,Congo (Kinshasa),CD,COD,12836000
Rio de Janeiro,-22.9111,-43.2056,Brazil,BR,BRA,12592000
Chennai,13.0825,80.275,India,IN,IND,12395000
Xi’an,34.2611,108.9422,China,CN,CHN,12328000
Lahore,31.5497,74.3436,Pakistan,PK,PAK,12306000
Chongqing,29.5637,106.5504,China,CN,CHN,12135000
Los Angeles,34.1141,-118.4068,United States,US,USA,11922389
Baoding,38.874,115.464,China,CN,CHN,11544036
London,51.5072,-0.1275,United Kingdom,GB,GBR,11262000
Paris,48.8567,2.3522,France,FR,FRA,11060000
Linyi,35.1038,118.3564,China,CN,CHN,11018365
Dongguan,23.021,113.752,China,CN,CHN,10646000
Hyderābād,17.3617,78.4747,India,IN,IND,10494000
Tianjin,39.1336,117.2054,China,CN,CHN,10368000
Lima,-12.06,-77.0375,Peru,PE,PER,10320000
Wuhan,30.5934,114.3046,China,CN,CHN,10251000
Nanyang,32.9987,112.5292,China,CN,CHN,9713112
Hangzhou,30.267,120.153,China,CN,CHN,9523000
Foshan,23.0214,113.1216,China,CN,CHN,9498863
Nagoya,35.1833,136.9,Japan,JP,JPN,9197000
Tongshan,34.204,117.284,China,CN,CHN,9083790
Luanda,-8.8383,13.2344,Angola,AO,AGO,9051000
Zhoukou,33.625,114.6418,China,CN,CHN,9026015
Ganzhou,25.831,114.933,China,CN,CHN,8970014
Kuala Lumpur,3.1478,101.6953,Malaysia,MY,MYS,8911000
Heze,35.2343,115.4796,China,CN,CHN,8795939
Quanzhou,24.8744,118.6757,China,CN,CHN,8782285
Johannesburg,-26.2044,28.0456,South Africa,ZA,ZAF,8500000
Chicago,41.8375,-87.6866,United States,US,USA,8497759
Nanjing,32.0608,118.7789,China,CN,CHN,8422000
Jining,35.4151,116.5871,China,CN,CHN,8357897
Hanoi,21,105.85,Vietnam,VN,VNM,8246600
Pune,18.5203,73.8567,India,IN,IND,8231000
Fuyang,32.89,115.814,China,CN,CHN,8200264
Ahmedabad,23.0225,72.5714,India,IN,IND,8009000
Bogotá,4.7111,-74.0722,Colombia,CO,COL,7968095
Shenyang,41.8025,123.4281,China,CN,CHN,7964000
Dar es Salaam,-6.8161,39.2803,Tanzania,TZ,TZA,7962000
Khartoum,15.6,32.5,Sudan,SD,SDN,7869000
Shangqiu,34.415,115.656,China,CN,CHN,7816831
Hong Kong,22.3,114.2,Hong Kong,HK,HKG,7450000
Cangzhou,38.3047,116.8387,China,CN,CHN,7300783
Riyadh,24.6333,46.7167,Saudi Arabia,SA,SAU,7237000
Santiago,-33.4372,-70.6506,Chile,CL,CHL,7171000
Xingtai,37.0717,114.5048,China,CN,CHN,7111106
Zhumadian,33.014,114.022,China,CN,CHN,7008427
Chattogram,22.335,91.8325,Bangladesh,BD,BGD,7000000
Surabaya,-7.2458,112.7378,Indonesia,ID,IDN,6998000
Zhanjiang,21.2701,110.3575,China,CN,CHN,6981236
Bijie,27.284,105.292,China,CN,CHN,6899636
Yancheng,33.3482,120.1626,China,CN,CHN,6709629
Hengyang,26.894,112.572,China,CN,CHN,6645243
Zunyi,27.722,107.031,China,CN,CHN,6606675
Shaoyang,27.2395,111.4679,China,CN,CHN,6563520
Sūrat,21.1702,72.8311,India,IN,IND,6538000
Shangrao,28.4551,117.9431,China,CN,CHN,6435300
Xinyang,32.149,114.091,China,CN,CHN,6234401
Madrid,40.4169,-3.7033,Spain,ES,ESP,6211000
Baghdad,33.3153,44.3661,Iraq,IQ,IRQ,6183000
Maoming,21.6627,110.9255,China,CN,CHN,6174050
Jieyang,23.551,116.3727,China,CN,CHN,6089400
Miami,25.784,-80.2101,United States,US,USA,6080145
Singapore,1.3,103.8,Singapore,SG,SGP,5983000
Houston,29.786,-95.3885,United States,US,USA,5970127
Liaocheng,36.4559,115.9852,China,CN,CHN,5952128
Huanggang,30.4537,114.8724,China,CN,CHN,5882719
Dalian,38.9,121.6,China,CN,CHN,5871474
Dallas,32.7935,-96.7667,United States,US,USA,5830932
Qingdao,36.0669,120.3827,China,CN,CHN,5818255
Yulin,22.654,110.181,China,CN,CHN,5796766
Douala,4.05,9.7,Cameroon,CM,CMR,5768400
Qujing,25.491,103.796,China,CN,CHN,5765775
Nangandao,35.3036,113.9268,China,CN,CHN,5708191
Philadelphia,40.0077,-75.1339,United States,US,USA,5683533
Pudong,31.2347,121.5064,China,CN,CHN,5681512
Toronto,43.7417,-79.3733,Canada,CA,CAN,5647656
Zhengzhou,34.764,113.684,China,CN,CHN,5621593
Dezhou,37.436,116.359,China,CN,CHN,5611194
Nanchong,30.8372,106.1106,China,CN,CHN,5607565
Jinan,36.6702,117.0207,China,CN,CHN,5606374
Giza,29.987,31.2118,Egypt,EG,EGY,5598402
Nairobi,-1.2864,36.8172,Kenya,KE,KEN,5545000
Guadalajara,20.6767,-103.3475,Mexico,MX,MEX,5525000
Ankara,39.93,32.85,Turkey,TR,TUR,5503985
Tai’an,36.202,117.087,China,CN,CHN,5472217
Langfang,39.5383,116.6835,China,CN,CHN,5464087
Dazhou,31.2093,107.4678,China,CN,CHN,5385422
Saint Petersburg,59.9375,30.3086,Russia,RU,RUS,5384342
Monterrey,25.6667,-100.3,Mexico,MX,MEX,5341171
Belo Horizonte,-19.9167,-43.9333,Brazil,BR,BRA,5328000
Suzhou,33.6333,116.9683,China,CN,CHN,5324476
Yongzhou,26.42,111.613,China,CN,CHN,5289824
Changde,29.031,111.699,China,CN,CHN,5279102
Xiangyang,32.01,112.122,China,CN,CHN,5260951
Rangoon,16.795,96.16,Burma,MM,MMR,5209541
Atlanta,33.7628,-84.422,United States,US,USA,5180179
Washington,38.9047,-77.0163,United States,US,USA,5116378
Zhaotong,27.338,103.717,China,CN,CHN,5092611
Zhangzhou,24.513,117.647,China,CN,CHN,5054328
Melbourne,-37.8142,144.9631,Australia,AU,AUS,5031195
Yichun,27.816,114.417,China,CN,CHN,5007702
Bozhou,33.8626,115.7742,China,CN,CHN,4996844
Suqian,33.9331,118.2831,China,CN,CHN,4986192
Abidjan,5.3167,-4.0333,Côte d’Ivoire,CI,CIV,4980000
Ji’an,27.0912,114.9668,China,CN,CHN,4956600
Guilin,25.275,110.296,China,CN,CHN,4931137
Pingdingshan,33.735,113.2999,China,CN,CHN,4904701
Berlin,52.52,13.405,Germany,DE,DEU,4890363
Alexandria,31.1975,29.8925,Egypt,EG,EGY,4870000
Mianyang,31.468,104.679,China,CN,CHN,4868243
Sydney,-33.8678,151.21,Australia,AU,AUS,4840600
Huanglongsi,34.795,114.345,China,CN,CHN,4824016
Barcelona,41.3828,2.1769,Spain,ES,ESP,4800000
Yuncheng,35.0267,111.007,China,CN,CHN,4774508
Cape Town,-33.9253,18.4239,South Africa,ZA,ZAF,4770313
Changsha,28.228,112.939,China,CN,CHN,4766296
Jeddah,21.5433,39.1728,Saudi Arabia,SA,SAU,4697000
Weinan,34.5206,109.471,China,CN,CHN,4688744
Chenzhou,25.77,113.016,China,CN,CHN,4667134
Jiangmen,22.5789,113.0815,China,CN,CHN,4630300
Jiujiang,29.661,115.954,China,CN,CHN,4600276
Xinpu,34.5966,119.2214,China,CN,CHN,4599360
Yibin,28.752,104.643,China,CN,CHN,4588804
Huaihua,27.5698,110.0016,China,CN,CHN,4587594
Yangzhou,32.3912,119.4363,China,CN,CHN,4559797
Taizhou,32.4567,119.9229,China,CN,CHN,4512762
Kunming,25.0464,102.7094,China,CN,CHN,4422686
Yiyang,28.5549,112.356,China,CN,CHN,4413800
Changchun,43.897,125.326,China,CN,CHN,4408154
Lu’an,31.736,116.52,China,CN,CHN,4393699
Jiangguanchi,34.0244,113.8201,China,CN,CHN,4379998
Meizhou,24.289,116.122,China,CN,CHN,4378800
Ürümqi,43.8225,87.6125,China,CN,CHN,4335017
Suzhou,31.3,120.6194,China,CN,CHN,4330000
Boston,42.3188,-71.0852,United States,US,USA,4328315
İzmir,38.42,27.14,Turkey,TR,TUR,4320519
Guigang,23.112,109.599,China,CN,CHN,4316262
Shantou,23.354,116.682,China,CN,CHN,4312192
Kabul,34.5253,69.1783,Afghanistan,AF,AFG,4273156
Xiaoganzhan,30.918,113.957,China,CN,CHN,4270371
Bamako,12.6392,-8.0028,Mali,ML,MLI,4227569
Luzhou,28.871,105.442,China,CN,CHN,4218427
Hefei,31.8206,117.2273,China,CN,CHN,4216940
Hengshui,37.739,115.669,China,CN,CHN,4212933
Fortaleza,-3.7275,-38.5275,Brazil,BR,BRA,4167996
Anqing,30.5318,117.1153,China,CN,CHN,4165284
Liuzhou,24.3264,109.4281,China,CN,CHN,4157934
Zhangjiakou,40.769,114.886,China,CN,CHN,4118908
Zhaoqing,23.05,112.4667,China,CN,CHN,4113594
Shijiazhuang,38.0425,114.51,China,CN,CHN,4098243
Ningbo,29.8603,121.6245,China,CN,CHN,4087523
Qiqihar,47.3549,123.9182,China,CN,CHN,4067489
Phoenix,33.5722,-112.0892,United States,US,USA,4064275
Fuzhou,27.949,116.358,China,CN,CHN,4047200
Chifeng,42.257,118.888,China,CN,CHN,4035967
Xiaoxita,30.692,111.287,China,CN,CHN,4017607
Amman,31.9497,35.9328,Jordan,JO,JOR,4007526
Chuzhou,32.256,118.333,China,CN,CHN,3987054
Linfen,36.088,111.519,China,CN,CHN,3976481
Qingyuan,23.682,113.056,China,CN,CHN,3969473
Xianyang,34.3299,108.7088,China,CN,CHN,3959842
Loudi,27.6998,111.9944,China,CN,CHN,3931800
Binzhou,37.383,117.971,China,CN,CHN,3928568
Zhuzhou,27.829,113.133,China,CN,CHN,3902738
Taiyuan,37.8704,112.5497,China,CN,CHN,3875053
Nanning,22.8167,108.3275,China,CN,CHN,3837978
Harbin,45.7576,126.6409,China,CN,CHN,3830000
Abuja,9.0667,7.4833,Nigeria,NG,NGA,3770000
Yokohama,35.4442,139.6381,Japan,JP,JPN,3757630
Suihua,46.654,126.969,China,CN,CHN,3756167
Zaozhuang,34.8109,117.3238,China,CN,CHN,3729140
Detroit,42.3834,-83.1024,United States,US,USA,3725908
Xiamen,24.4796,118.0889,China,CN,CHN,3707090
Neijiang,29.5802,105.058,China,CN,CHN,3702847
Montréal,45.5089,-73.5617,Canada,CA,CAN,3675219
Fuzhou,26.0743,119.2964,China,CN,CHN,3671192
Baicheng,23.903,106.619,China,CN,CHN,3669400
Wuhu,31.3526,118.4331,China,CN,CHN,3644420
Yulinshi,38.2858,109.7341,China,CN,CHN,3634750
Medan,3.5894,98.6739,Indonesia,ID,IDN,3632000
Wenzhou,27.9938,120.6993,China,CN,CHN,3604446
Changzhou,31.811,119.974,China,CN,CHN,3601079
Puyang,35.7627,115.0292,China,CN,CHN,3598740
Jiaozuo,35.2157,113.2419,China,CN,CHN,3590700
Nanchang,28.683,115.858,China,CN,CHN,3576547
Seattle,47.6211,-122.3244,United States,US,USA,3561397
Ibadan,7.3964,3.9167,Nigeria,NG,NGA,3552000
Casablanca,33.5333,-7.5833,Morocco,MA,MAR,3499000
Kumasi,6.7,-1.625,Ghana,GH,GHA,3490030
Deyang,31.127,104.398,China,CN,CHN,3456161
Busan,35.18,129.075,"Korea, South",KR,KOR,3453198
Hohhot,40.842,111.749,China,CN,CHN,3446100
Hechi,24.693,108.085,China,CN,CHN,3417945
Algiers,36.7539,3.0589,Algeria,DZ,DZA,3415811
Tangshan,39.6294,118.1739,China,CN,CHN,3399231
Shiyan,32.629,110.7987,China,CN,CHN,3398000
Lucknow,26.85,80.95,India,IN,IND,3382000
Mashhad,36.3264,59.5433,Iran,IR,IRN,3372090
San Francisco,37.7558,-122.4449,United States,US,USA,3364979
Boankra,6.6944,-1.4028,Ghana,GH,GHA,3348000
Dubai,25.2631,55.2972,United Arab Emirates,AE,ARE,3331420
Anshan,41.108,122.994,China,CN,CHN,3325372
Baojishi,34.363,107.238,China,CN,CHN,3321853
Qinzhou,21.981,108.654,China,CN,CHN,3304400
Guiyang,26.647,106.63,China,CN,CHN,3299724
Bengbu,32.917,117.389,China,CN,CHN,3296408
Bazhou,31.868,106.748,China,CN,CHN,3283148
Suining,30.533,105.593,China,CN,CHN,3252619
Wuxi,31.491,120.312,China,CN,CHN,3245179
Kotla Qasim Khan,32.5833,73.75,Pakistan,PK,PAK,3219375
Hanzhong,33.0664,107.0232,China,CN,CHN,3211462
Putian,25.4526,119.0078,China,CN,CHN,3210714
Zhenjiang,32.188,119.424,China,CN,CHN,3210418
Guang’an,30.4564,106.6326,China,CN,CHN,3205476
Faisalabad,31.4167,73.0911,Pakistan,PK,PAK,3203846
Changzhi,36.195,113.117,China,CN,CHN,3180884
Tongren,27.7316,109.1895,China,CN,CHN,3168800
Leshan,29.552,103.766,China,CN,CHN,3160168
Santa Cruz de la Sierra,-17.7892,-63.1975,Bolivia,BO,BOL,3151676
Qinhuangdao,39.8882,119.5202,China,CN,CHN,3146300
Jaipur,26.9,75.8,India,IN,IND,3073350
Xinzhou,38.416,112.734,China,CN,CHN,3067501
Lanzhou,36.0606,103.8268,China,CN,CHN,3067141
Wuzhou,23.4767,111.279,China,CN,CHN,3061100
Athens,37.9842,23.7281,Greece,GR,GRC,3059764
San Diego,32.8313,-117.1222,United States,US,USA,3046560
Addis Ababa,9.03,38.74,Ethiopia,ET,ETH,3041002
Taichung,24.1439,120.6794,Taiwan,TW,TWN,3033885
Huainan,32.6314,117.0194,China,CN,CHN,3033528
Guatemala City,14.6133,-90.5353,Guatemala,GT,GTM,3014000
Kuwait City,29.3697,47.9783,Kuwait,KW,KWT,3000000
Budapest,47.4925,19.0514,Hungary,HU,HUN,2997958
Qincheng,34.5809,105.7311,China,CN,CHN,2984659
Rizhao,35.417,119.527,China,CN,CHN,2968365
Quezon City,14.65,121.0475,Philippines,PH,PHL,2960048
Sanaa,15.3483,44.2064,Yemen,YE,YEM,2957000
Tashkent,41.3111,69.2797,Uzbekistan,UZ,UZB,2956384
Kyiv,50.45,30.5233,Ukraine,UA,UKR,2952301
Meishan,30.0771,103.8484,China,CN,CHN,2950545
Incheon,37.4833,126.6333,"Korea, South",KR,KOR,2936117
Birmingham,52.48,-1.9025,United Kingdom,GB,GBR,2919600
Ningde,26.6662,119.5477,China,CN,CHN,2910000
Zhongshan,22.517,113.3925,China,CN,CHN,2909633
Weihai,37.5133,122.1205,China,CN,CHN,2906548
Bursa,40.1833,29.05,Turkey,TR,TUR,2901396
Minneapolis,44.9635,-93.2678,United States,US,USA,2892569
Mbuji-Mayi,-6.15,23.6,Congo (Kinshasa),CD,COD,2892000
Haikou,20.0186,110.3488,China,CN,CHN,2873358
Tongliao,43.654,122.243,China,CN,CHN,2873168
Chaoyang,41.571,120.453,China,CN,CHN,2872857
La Paz,-16.4958,-68.1333,Bolivia,BO,BOL,2867504
Pyongyang,39.0167,125.7475,"Korea, North",KP,PRK,2863000
Tampa,27.9945,-82.4447,United States,US,USA,2861173
Shaoguan,24.811,113.597,China,CN,CHN,2855131
Heyuan,23.7443,114.7002,China,CN,CHN,2837686
Brasília,-15.7939,-47.8828,Brazil,BR,BRA,2817068
Omdurman,15.65,32.4833,Sudan,SD,SDN,2805396
Malang,-7.98,112.62,Indonesia,ID,IDN,2795209
Stuttgart,48.7775,9.18,Germany,DE,DEU,2787724
Daqing,46.589,125.104,China,CN,CHN,2781562
Rome,41.8933,12.4828,Italy,IT,ITA,2748109
Brooklyn,40.6501,-73.9496,United States,US,USA,2736074
Kaohsiung,22.615,120.2975,Taiwan,TW,TWN,2733964
Xiangtan,27.8313,112.9454,China,CN,CHN,2726181
Longyan,25.076,117.017,China,CN,CHN,2723637
Baotou,40.6213,109.9532,China,CN,CHN,2709378
Handan,36.601,114.487,China,CN,CHN,2708015
Jinzhou,41.129,121.148,China,CN,CHN,2703853
Kanpur,26.4499,80.3319,India,IN,IND,2701324
Denver,39.762,-104.8758,United States,US,USA,2687458
Nanping,26.6418,118.1774,China,CN,CHN,2680645
Gāzipura,23.9889,90.375,Bangladesh,BD,BGD,2674697
Shanwei,22.7872,115.3756,China,CN,CHN,2672819
Chaozhou,23.658,116.622,China,CN,CHN,2656600
Guayaquil,-2.19,-79.8875,Ecuador,EC,ECU,2650288
Weifang,36.708,119.162,China,CN,CHN,2636154
Huai’an,33.551,119.113,China,CN,CHN,2632788
Zibo,36.8138,118.055,China,CN,CHN,2631647
Ankang,32.6854,109.029,China,CN,CHN,2629906
Mogadishu,2.0392,45.3419,Somalia,SO,SOM,2610483
Munich,48.1375,11.575,Germany,DE,DEU,2606021
Gulou,26.0865,119.298,China,CN,CHN,2606000
Taipei,25.0375,121.5625,Taiwan,TW,TWN,2603150
Bekasi,-6.2349,106.9923,Indonesia,ID,IDN,2590257
Damascus,33.5131,36.2919,Syria,SY,SYR,2584771
Sanming,26.2634,117.6389,China,CN,CHN,2580000
Yangjiang,21.857,111.983,China,CN,CHN,2555600
Jiamusi,46.8,130.319,China,CN,CHN,2552097
Luohe,33.583,114.0109,China,CN,CHN,2544266
Medellín,6.2308,-75.5906,Colombia,CO,COL,2529403
Dingxi,35.608,104.592,China,CN,CHN,2524097
Shaoxing,30.0511,120.5833,China,CN,CHN,2521964
Yantai,37.4646,121.4478,China,CN,CHN,2511053
Huizhou,23.112,114.416,China,CN,CHN,2509243
Lishui,28.468,119.923,China,CN,CHN,2507396
Xuanzhou,30.939,118.759,China,CN,CHN,2500063
Khowrhesht,36.205,49.6872,Iran,IR,IRN,2500000
Mirzāpur,25.146,82.569,India,IN,IND,2496970
Zigong,29.339,104.779,China,CN,CHN,2489256
Hamburg,53.55,10,Germany,DE,DEU,2484800
Guangyuan,32.436,105.844,China,CN,CHN,2484122
Cali,3.4206,-76.5222,Colombia,CO,COL,2471474
Huangshi,30.2011,115.039,China,CN,CHN,2469079
Xining,36.6224,101.7804,China,CN,CHN,2467965
Lusaka,-15.4167,28.2833,Zambia,ZM,ZMB,2467563
Ouagadougou,12.3686,-1.5275,Burkina Faso,BF,BFA,2453496
Yaoundé,3.8667,11.5167,Cameroon,CM,CMR,2440462
Zhuhai,22.2716,113.5769,China,CN,CHN,2439585
Huludao,40.711,120.837,China,CN,CHN,2434194
Baoshan,25.112,99.161,China,CN,CHN,2431211
Mecca,21.4225,39.8233,Saudi Arabia,SA,SAU,2427924
Vancouver,49.25,-123.1,Canada,CA,CAN,2426160
Lianshan,40.7523,120.828,China,CN,CHN,2426000
Beirut,33.8983,35.5057,Lebanon,LB,LBN,2421354
Salvador,-12.9747,-38.4767,Brazil,BR,BRA,2418005
Bucharest,44.4325,26.1039,Romania,RO,ROU,2412530
Longba,33.3702,104.9603,China,CN,CHN,2407272
Nāgpur,21.1497,79.0806,India,IN,IND,2405665
Queens,40.7498,-73.7976,United States,US,USA,2405464
Jilin,43.8519,126.5481,China,CN,CHN,2396000
Tieling,42.2237,123.726,China,CN,CHN,2388294
Accra,5.55,-0.2,Ghana,GH,GHA,2388000
Yunfu,22.9152,112.0445,China,CN,CHN,2383350
Bekasi Kota,-6.2333,107,Indonesia,ID,IDN,2381053
Daegu,35.8717,128.6017,"Korea, South",KR,KOR,2376044
Ghāziābād,28.67,77.42,India,IN,IND,2375820
Luoyang,34.6197,112.4539,China,CN,CHN,2372571
Brisbane,-27.4678,153.0281,Australia,AU,AUS,2360241
Anshun,26.2531,105.9476,China,CN,CHN,2353100
Riverside,33.9381,-117.3949,United States,US,USA,2332836
Yingkou,40.625,122.219,China,CN,CHN,2328582
Colombo,6.9344,79.8428,Sri Lanka,LK,LKA,2323826
Yanjiang,30.129,104.627,China,CN,CHN,2308631
Baku,40.3953,49.8822,Azerbaijan,AZ,AZE,2300500
Antananarivo,-18.91,47.525,Madagascar,MG,MDG,2300000
Mudanjiang,44.5514,129.6329,China,CN,CHN,2290208
Fukuoka,33.59,130.4017,Japan,JP,JPN,2286000
Yan’an,36.65,109.494,China,CN,CHN,2282581
Jincheng,35.491,112.852,China,CN,CHN,2279146
Nantong,31.981,120.894,China,CN,CHN,2261382
Lincang,23.884,100.089,China,CN,CHN,2257991
Yuxi,24.347,102.527,China,CN,CHN,2249502
Las Vegas,36.2333,-115.2654,United States,US,USA,2248047
Caracas,10.4806,-66.9036,Venezuela,VE,VEN,2245744
Tangerang,-6.1703,106.6403,Indonesia,ID,IDN,2237006
Laibin,23.7501,109.2212,China,CN,CHN,2233900
Konya,37.8667,32.4833,Turkey,TR,TUR,2232374
Supaul,26.126,86.605,India,IN,IND,2229076
Vienna,48.2083,16.3725,Austria,AT,AUT,2223236
Eşfahān,32.6447,51.6675,Iran,IR,IRN,2219343
Baltimore,39.3051,-76.6144,United States,US,USA,2196524
Shengli,37.434,118.6746,China,CN,CHN,2193518
Dandong,40.1167,124.3833,China,CN,CHN,2188436
Qinbaling,35.7278,107.64,China,CN,CHN,2179716
Gaoping,30.7824,106.1281,China,CN,CHN,2174000
Awka,6.2069,7.0678,Nigeria,NG,NGA,2171900
Taizhou,28.6557,121.4208,China,CN,CHN,2162461
Ma’anshan,31.669,118.507,China,CN,CHN,2159930
Harare,-17.8292,31.0522,Zimbabwe,ZW,ZWE,2150000
Perth,-31.9559,115.8606,Australia,AU,AUS,2141834
St. Louis,38.6359,-90.2451,United States,US,USA,2130881
Phnom Penh,11.5694,104.9211,Cambodia,KH,KHM,2129371
Depok,-6.394,106.8225,Indonesia,ID,IDN,2123349
Stockholm,59.3294,18.0686,Sweden,SE,SWE,2121000
Puning,23.298,116.166,China,CN,CHN,2118200
Huaibei,33.956,116.798,China,CN,CHN,2114276
Kowloon,22.3167,114.1833,Hong Kong,HK,HKG,2108419
Córdoba,-31.4167,-64.1833,Argentina,AR,ARG,2106734
Haiphong,20.8651,106.6838,Vietnam,VN,VNM,2103500
Zamboanga City,6.9042,122.0761,Philippines,PH,PHL,2100000
Chongzuo,22.377,107.365,China,CN,CHN,2099400
Rawalpindi,33.6,73.0333,Pakistan,PK,PAK,2098231
Portland,45.5371,-122.65,United States,US,USA,2095808
Kano,12,8.5167,Nigeria,NG,NGA,2095000
Yushan,31.322,120.985,China,CN,CHN,2092496
Havana,23.1367,-82.3589,Cuba,CU,CUB,2089532
Hezhou,24.4042,111.5672,China,CN,CHN,2072600
Pingliang,35.5424,106.6649,China,CN,CHN,2068033
Vadodara,22.3,73.2,India,IN,IND,2065771
Manaus,-3.1189,-60.0217,Brazil,BR,BRA,2063547
Qingyang,24.7816,118.5517,China,CN,CHN,2061600
San Antonio,29.4632,-98.5238,United States,US,USA,2058444
Rājkot,22.3,70.7833,India,IN,IND,2043000
Shangzhou,33.868,109.9244,China,CN,CHN,2041231
Vishākhapatnam,17.7042,83.2978,India,IN,IND,2035922
Sanmenxia,34.7732,111.2004,China,CN,CHN,2034872
Baicheng,45.62,122.838,China,CN,CHN,2032356
Gujranwala,32.1567,74.19,Pakistan,PK,PAK,2027001
Aleppo,36.2,37.16,Syria,SY,SYR,2003671
Tijuana,32.525,-117.0333,Mexico,MX,MEX,2002000
Bamenda,5.9614,10.1517,Cameroon,CM,CMR,2000000
Minsk,53.9,27.5667,Belarus,BY,BLR,1995471
Indore,22.7167,75.8472,India,IN,IND,1994397
Karaj,35.8272,50.9489,Iran,IR,IRN,1973470
Kananga,-5.897,22.4488,Congo (Kinshasa),CD,COD,1971704
Peshawar,34.0144,71.5675,Pakistan,PK,PAK,1970042
Sapporo,43.0619,141.3544,Japan,JP,JPN,1959313
Sacramento,38.5677,-121.4685,United States,US,USA,1957738
Tilburg,51.55,5.0833,Netherlands,NL,NLD,1944588
Pingxiang,27.659,113.887,China,CN,CHN,1933200
Ecatepec,19.6097,-99.06,Mexico,MX,MEX,1929926
Almaty,43.24,76.915,Kazakhstan,KZ,KAZ,1916822
Austin,30.3005,-97.7522,United States,US,USA,1905945
Yinchuan,38.485,106.225,China,CN,CHN,1901793
Santos,-23.9369,-46.325,Brazil,BR,BRA,1897551
Blantyre,-15.7861,35.0058,Malawi,MW,MWI,1895973
Thāne,19.1972,72.9722,India,IN,IND,1886941
Orlando,28.4773,-81.337,United States,US,USA,1882705
Tainan,22.9833,120.1833,Taiwan,TW,TWN,1874686
Xiping,40.082,113.2981,China,CN,CHN,1873000
Multan,30.1978,71.4697,Pakistan,PK,PAK,1871843
Santa Cruz,-17.8,-63.1833,Bolivia,BO,BOL,1867673
Port Harcourt,4.8242,7.0336,Nigeria,NG,NGA,1865000
Jixi,45.295,130.969,China,CN,CHN,1862165
Fushun,41.881,123.957,China,CN,CHN,1861372
Warsaw,52.23,21.0111,Poland,PL,POL,1860281
Beihai,21.481,109.12,China,CN,CHN,1853227
Fuxin,42.022,121.67,China,CN,CHN,1819339
Wuwei,37.929,102.638,China,CN,CHN,1815059
Siping,43.1668,124.3506,China,CN,CHN,1814733
San Juan,18.3985,-66.061,Puerto Rico,PR,PRI,1814587
Mersin,36.8,34.6333,Turkey,TR,TUR,1814468
Bhopāl,23.2599,77.4126,India,IN,IND,1798218
Mosul,36.34,43.13,Iraq,IQ,IRQ,1792000
Lubumbashi,-11.6647,27.4794,Congo (Kinshasa),CD,COD,1786397
Davao,7.07,125.6,Philippines,PH,PHL,1776949
Curitiba,-25.4297,-49.2711,Brazil,BR,BRA,1773733
San Jose,37.3012,-121.848,United States,US,USA,1771413
Shuyangzha,34.1299,118.7734,China,CN,CHN,1770000
Adana,37,35.3213,Turkey,TR,TUR,1765981
Quito,-0.22,-78.5125,Ecuador,EC,ECU,1763275
Pittsburgh,40.4397,-79.9763,United States,US,USA,1749091
Brazzaville,-4.2694,15.2711,Congo (Brazzaville),CG,COG,1733263
Hyderabad City,25.3792,68.3683,Pakistan,PK,PAK,1732693
Diyarbakır,37.91,40.24,Turkey,TR,TUR,1732396
Indianapolis,39.7771,-86.1458,United States,US,USA,1729849
Pimpri-Chinchwad,18.6186,73.8037,India,IN,IND,1727692
Masqaţ,23.5889,58.4083,Oman,OM,OMN,1720000
Montevideo,-34.8836,-56.1819,Uruguay,UY,URY,1719453
Shuozhou,39.3317,112.4329,China,CN,CHN,1714857
Manhattan,40.7834,-73.9662,United States,US,USA,1694263
Cincinnati,39.1413,-84.506,United States,US,USA,1692702
Kansas City,39.1238,-94.5541,United States,US,USA,1689556
Patna,25.594,85.1376,India,IN,IND,1684222
Tegucigalpa,14.1058,-87.2047,Honduras,HN,HND,1682725
Kampala,0.3136,32.5811,Uganda,UG,UGA,1680600
Cleveland,41.4764,-81.6805,United States,US,USA,1680247
Sanzhou,30.82,108.4,China,CN,CHN,1680000
Changshu,31.656,120.753,China,CN,CHN,1677050
Heihe,50.2401,127.521,China,CN,CHN,1673899
Conakry,9.5092,-13.7122,Guinea,GN,GIN,1667864
Ximeicun,24.9612,118.3849,China,CN,CHN,1663542
Caloocan City,14.65,120.97,Philippines,PH,PHL,1661584
Masvingo,-20.0744,30.8328,Zimbabwe,ZW,ZWE,1638528
Zhongli,24.965,121.2168,Taiwan,TW,TWN,1632616
Novosibirsk,55.05,82.95,Russia,RU,RUS,1625631
Bilāspur,22.09,82.15,India,IN,IND,1625502
Semarang,-6.99,110.4225,Indonesia,ID,IDN,1621384
Jingdezhen,29.2917,117.1986,China,CN,CHN,1618979
Ludhiāna,30.91,75.85,India,IN,IND,1618879
Liaoyang,41.279,123.176,China,CN,CHN,1604580
Chengtangcun,35.0833,117.15,China,CN,CHN,1603659
Rājshāhi,24.3667,88.6,Bangladesh,BD,BGD,1600000
Balandougou,13.3558,-9.5517,Mali,ML,MLI,1596882
Jiangyin,31.839,120.295,China,CN,CHN,1595138
Valencia,39.47,-0.3764,Spain,ES,ESP,1595000
Āgra,27.18,78.02,India,IN,IND,1585704
León de los Aldama,21.1167,-101.6833,Mexico,MX,MEX,1579803
Puebla,19.0333,-98.1833,Mexico,MX,MEX,1576259
Columbus,39.9862,-82.9855,United States,US,USA,1572546
Yopougon,5.3167,-4.0667,Côte d’Ivoire,CI,CIV,1571065
Hebi,35.748,114.297,China,CN,CHN,1569208
Shīrāz,29.61,52.5425,Iran,IR,IRN,1565572
Madurai,9.9252,78.1198,India,IN,IND,1561129
Huzhou,30.8925,120.0875,China,CN,CHN,1558826
Tabrīz,38.0814,46.3006,Iran,IR,IRN,1558693
Jamshedpur,22.7925,86.1842,India,IN,IND,1558000
Maracaibo,10.6333,-71.6333,Venezuela,VE,VEN,1551539
Sofia,42.7,23.33,Bulgaria,BG,BGR,1547779
San José,9.9325,-84.08,Costa Rica,CR,CRI,1543000
Prayagraj,25.4358,81.8464,India,IN,IND,1536218
Palembang,-2.9861,104.7556,Indonesia,ID,IDN,1535952
Kawasaki,35.5167,139.7,Japan,JP,JPN,1531646
Kōbe,34.69,135.1956,Japan,JP,JPN,1521707
Jiaxing,30.747,120.756,China,CN,CHN,1518654
Kigali,-1.9439,30.0594,Rwanda,RW,RWA,1518632
Zhangjiajie,29.117,110.479,China,CN,CHN,1517027
Baiyin,36.5451,104.1389,China,CN,CHN,1512110
Guiping,23.4,110.0833,China,CN,CHN,1511011
Lianjiang,21.7333,110.2833,China,CN,CHN,1509400
Jianguang,28.1958,115.7833,China,CN,CHN,1507402
Yucheng,30.01,103.0415,China,CN,CHN,1507258
Xushan,30.1667,121.2333,China,CN,CHN,1502000
Panama City,8.9833,-79.5167,Panama,PA,PAN,1500189
Nneyi-Umuleri,6.3333,6.8333,Nigeria,NG,NGA,1500000
Leizhou,20.9143,110.0967,China,CN,CHN,1494700
Gwangju,35.1653,126.8486,"Korea, South",KR,KOR,1490092
Katako-Kombe,-3.4,24.42,Congo (Kinshasa),CD,COD,1488922
Recife,-8.05,-34.9,Brazil,BR,BRA,1488920
Nāsik,19.9975,73.7898,India,IN,IND,1486053
Valencia,10.1833,-68,Venezuela,VE,VEN,1484430
Onitsha,6.1667,6.7833,Nigeria,NG,NGA,1483000
Abu Dhabi,24.4667,54.3667,United Arab Emirates,AE,ARE,1483000
Zapopan,20.7167,-103.4,Mexico,MX,MEX,1476491
Daejeon,36.35,127.385,"Korea, South",KR,KOR,1475221
Bronx,40.8501,-73.8662,United States,US,USA,1472654
Yekaterinburg,56.8356,60.6128,Russia,RU,RUS,1468833
Huazhou,32.688,112.087,China,CN,CHN,1468061
Jinhua,29.079,119.647,China,CN,CHN,1463990
Kyōto,35.0117,135.7683,Japan,JP,JPN,1463723
Amsterdam,52.3728,4.8936,Netherlands,NL,NLD,1459402
Pizhou,34.398,117.89,China,CN,CHN,1458038
Kismaayo,-0.3581,42.5453,Somalia,SO,SOM,1458000
Yangshe,31.8767,120.556,China,CN,CHN,1447600
Virginia Beach,36.7335,-76.0435,United States,US,USA,1443020
Dakar,14.6928,-17.4467,Senegal,SN,SEN,1438725
Goiânia,-16.6667,-49.25,Brazil,BR,BRA,1437237
Charlotte,35.2083,-80.8303,United States,US,USA,1427444
Rui’an,27.7833,120.625,China,CN,CHN,1424667
Muscat,23.6139,58.5922,Oman,OM,OMN,1421409
Kharkiv,49.9925,36.2311,Ukraine,UA,UKR,1421125
Wenling,28.3667,121.3667,China,CN,CHN,1416199
Gaozhou,21.9244,110.8422,China,CN,CHN,1414100
Farīdābād,28.4211,77.3078,India,IN,IND,1414050
Medina,24.47,39.61,Saudi Arabia,SA,SAU,1411599
Khulna,22.8167,89.55,Bangladesh,BD,BGD,1400689
Ulaanbaatar,47.9203,106.9172,Mongolia,MN,MNG,1396288
Fuqing,25.7167,119.3833,China,CN,CHN,1390487
Kayseri,38.7225,35.4875,Turkey,TR,TUR,1389680
Tel Aviv-Yafo,32.08,34.78,Israel,IL,ISR,1388400
Wuzhong,37.9978,106.1986,China,CN,CHN,1382713
Pingdu,36.7769,119.9884,China,CN,CHN,1378900
Sangereng,-6.2889,106.7181,Indonesia,ID,IDN,1378466
Yangquan,37.8571,113.5804,China,CN,CHN,1368502
Samsun,41.2903,36.3336,Turkey,TR,TUR,1368488
Yutan,28.278,112.552,China,CN,CHN,1368117
Copenhagen,55.6761,12.5683,Denmark,DK,DNK,1366301
Helsinki,60.1708,24.9375,Finland,FI,FIN,1360075
Prague,50.0875,14.4214,Czechia,CZ,CZE,1357326
Milan,45.4669,9.19,Italy,IT,ITA,1354196
Auckland,-36.8406,174.74,New Zealand,NZ,NZL,1346091
Santiago,19.4572,-70.6889,Dominican Republic,DO,DOM,1343423
Chizhou,30.6654,117.4916,China,CN,CHN,1342764
Makassar,-5.1619,119.4362,Indonesia,ID,IDN,1338663
Liangshi,27.26,111.7442,China,CN,CHN,1335900
Porto Alegre,-30.0331,-51.23,Brazil,BR,BRA,1332570
Huangshan,29.7149,118.3376,China,CN,CHN,1330565
Barranquilla,10.9833,-74.8019,Colombia,CO,COL,1326588
Al Başrah,30.515,47.81,Iraq,IQ,IRQ,1326564
Benxi,41.4868,123.685,China,CN,CHN,1326018
Saitama,35.8614,139.6456,Japan,JP,JPN,1325843
Guarulhos,-23.4628,-46.5328,Brazil,BR,BRA,1324781
Juárez,31.745,-106.485,Mexico,MX,MEX,1321004
Mandalay,21.9831,96.0844,Burma,MM,MMR,1319452
Xintai,35.909,117.768,China,CN,CHN,1315942
Wusong,30.9333,117.7667,China,CN,CHN,1311726
Calgary,51.05,-114.0667,Canada,CA,CAN,1306784
Meerut,28.98,77.71,India,IN,IND,1305429
Yushu,44.826,126.55,China,CN,CHN,1304436
Belém,-1.4558,-48.5039,Brazil,BR,BRA,1303389
Kuaidamao,41.7283,125.9397,China,CN,CHN,1302778
Huazhou,21.664,110.6396,China,CN,CHN,1302100
Baishan,41.944,126.4147,China,CN,CHN,1296127
Adelaide,-34.9275,138.6,Australia,AU,AUS,1295714
Haicheng,40.8824,122.6852,China,CN,CHN,1293877
Milwaukee,43.0642,-87.9675,United States,US,USA,1290940
Providence,41.823,-71.4187,United States,US,USA,1290271
Jacksonville,30.3322,-81.6749,United States,US,USA,1288298
Yicheng,31.36,119.815,China,CN,CHN,1285785
Cacuaco,-8.8053,13.2444,Angola,AO,AGO,1279488
Porto,41.1621,-8.622,Portugal,PT,PRT,1278210
Rosario,-32.9575,-60.6394,Argentina,AR,ARG,1276000
Canagatan,18,121.8,Philippines,PH,PHL,1273219
Soweto,-26.2678,27.8585,South Africa,ZA,ZAF,1271628
Bagam,1.13,104.0531,Indonesia,ID,IDN,1269820
Jabalpur,23.1667,79.9333,India,IN,IND,1267564
Rucheng,32.246,120.591,China,CN,CHN,1267066
Huaiyin,33.5819,119.028,China,CN,CHN,1264000
Dublin,53.35,-6.2603,Ireland,IE,IRL,1263219
Kazan,55.7964,49.1089,Russia,RU,RUS,1259173
Dayan,26.8552,100.2259,China,CN,CHN,1253878
Shaoyang,32.912,119.8526,China,CN,CHN,1253548
Balıkesir,39.6333,27.8833,Turkey,TR,TUR,1250610
Comayagüela,14.098,-87.21,Honduras,HN,HND,1250000
Laiwu,36.1833,117.6667,China,CN,CHN,1248636
Sharjah,25.3575,55.3908,United Arab Emirates,AE,ARE,1247749
Jingling,30.664,113.167,China,CN,CHN,1247400
Kalyān,19.2502,73.1602,India,IN,IND,1246381
Nizhniy Novgorod,56.3269,44.0075,Russia,RU,RUS,1244254
Yongcheng,33.9299,116.45,China,CN,CHN,1240382
Sumedang,-6.84,107.9208,Indonesia,ID,IDN,1240000
Cần Thơ,10.0333,105.7833,Vietnam,VN,VNM,1237300
Brussels,50.8467,4.3525,Belgium,BE,BEL,1235192
Suwon,37.2667,127.0167,"Korea, South",KR,KOR,1234300
Yiwu,29.3069,120.0753,China,CN,CHN,1234015
Beidao,34.602,105.918,China,CN,CHN,1225000
Vasai-Virar,19.3607,72.7956,India,IN,IND,1221233
Xiangshui,26.5964,104.8314,China,CN,CHN,1221000
Dadukou,26.5824,101.7184,China,CN,CHN,1214121
Campinas,-22.9058,-47.0608,Brazil,BR,BRA,1213792
Lingcheng,22.7,110.35,China,CN,CHN,1211637
Shuangyashan,46.6762,131.1416,China,CN,CHN,1208803
Mombasa,-4.05,39.6667,Kenya,KE,KEN,1208333
Najafgarh,28.6092,76.9798,India,IN,IND,1203180
Xinyu,27.8186,114.9167,China,CN,CHN,1202499
Qom,34.64,50.8764,Iran,IR,IRN,1201158
Hargeysa,9.5631,44.0675,Somalia,SO,SOM,1200000
Baidoa,3.1167,43.65,Somalia,SO,SOM,1200000
Zhangye,38.9248,100.4499,China,CN,CHN,1199515
Vārānasi,25.3189,83.0128,India,IN,IND,1198491
Hiroshima,34.3914,132.4519,Japan,JP,JPN,1198021
Chiang Mai,18.7953,98.9986,Thailand,TH,THA,1198000
Belgrade,44.82,20.46,Serbia,RS,SRB,1197714
Maiduguri,11.8333,13.15,Nigeria,NG,NGA,1197497
Chelyabinsk,55.1547,61.3758,Russia,RU,RUS,1196680
Batam Centre,1.13,104.0531,Indonesia,ID,IDN,1196396
Rongcheng,26.218,104.103,China,CN,CHN,1189813
Mbandaka,0.0478,18.2558,Congo (Kinshasa),CD,COD,1187837
Doha,25.2867,51.5333,Qatar,QA,QAT,1186023
Ahvāz,31.3047,48.6783,Iran,IR,IRN,1184788
Shymkent,42.3167,69.5958,Kazakhstan,KZ,KAZ,1184113
Tripoli,32.8872,13.1914,Libya,LY,LBY,1183000
Srīnagar,34.09,74.79,India,IN,IND,1180570
Nashville,36.1715,-86.7842,United States,US,USA,1177657
Liaoyuan,42.888,125.1447,China,CN,CHN,1176239
Aurangābād,19.88,75.32,India,IN,IND,1175116
Cilacap,-7.7167,109.017,Indonesia,ID,IDN,1174964
Salt Lake City,40.7776,-111.9311,United States,US,USA,1173879
Omsk,54.9833,73.3667,Russia,RU,RUS,1172070
Pikine,14.75,-17.4,Senegal,SN,SEN,1170791
Samara,53.2028,50.1408,Russia,RU,RUS,1169719
Guankou,28.1637,113.6433,China,CN,CHN,1168056
Bandar Lampung,-5.45,105.2667,Indonesia,ID,IDN,1166761
Raleigh,35.8324,-78.6429,United States,US,USA,1163152
Lianyuan,27.692,111.664,China,CN,CHN,1162928
Rongcheng,29.8402,112.9048,China,CN,CHN,1162770
Dhanbād,23.7998,86.4305,India,IN,IND,1162472
Nay Pyi Taw,19.7475,96.115,Burma,MM,MMR,1160242
Aba,5.1167,7.3667,Nigeria,NG,NGA,1160000
Kaiyuan,36.0193,113.86,China,CN,CHN,1160000
Zhuji,29.7167,120.2333,China,CN,CHN,1157938
Yingtan,28.2721,117.0395,China,CN,CHN,1154223
Edmonton,53.5344,-113.4903,Canada,CA,CAN,1151635
Leiyang,26.4223,112.8598,China,CN,CHN,1151554
Ulsan,35.55,129.3167,"Korea, South",KR,KOR,1150116
Yichun,47.728,128.841,China,CN,CHN,1148126
Benin City,6.3333,5.6222,Nigeria,NG,NGA,1147188
Bujumbura,-3.3833,29.3667,Burundi,BI,BDI,1143202
Guyuan,36.01,106.257,China,CN,CHN,1142142
Xiantao,30.328,113.443,China,CN,CHN,1140100
Rostov,47.2225,39.71,Russia,RU,RUS,1137704
Maputo,-25.9667,32.5833,Mozambique,MZ,MOZ,1133200
Bukavu,-2.5,28.8667,Congo (Kinshasa),CD,COD,1133000
Amritsar,31.64,74.86,India,IN,IND,1132383
Shagamu,6.8333,3.65,Nigeria,NG,NGA,1132270
Yingchuan,34.1511,113.4733,China,CN,CHN,1131896
Alīgarh,27.88,78.08,India,IN,IND,1131160
Santo Domingo,18.4667,-69.95,Dominican Republic,DO,DOM,1128678
Bogor,-6.5966,106.7972,Indonesia,ID,IDN,1127408
Bishkek,42.8747,74.6122,Kyrgyzstan,KG,KGZ,1120827
Tbilisi,41.7225,44.7925,Georgia,GE,GEO,1118035
Guwāhāti,26.1722,91.7458,India,IN,IND,1116267
Ufa,54.7261,55.9475,Russia,RU,RUS,1115560
Fès,34.0433,-5.0033,Morocco,MA,MAR,1112072
Mwanza,-2.5167,32.9,Tanzania,TZ,TZA,1104521
Biên Hòa,10.95,106.8167,Vietnam,VN,VNM,1104000
Mexicali,32.6633,-115.4678,Mexico,MX,MEX,1102342
Sevilla,37.39,-5.99,Spain,ES,ESP,1100000
Ikare,7.5167,5.75,Nigeria,NG,NGA,1099931
Dongtai,32.795,120.519,China,CN,CHN,1098100
Dingzhou,38.516,114.99,China,CN,CHN,1095986
Xibeijie,39.7334,98.4943,China,CN,CHN,1095947
Tamale,9.4075,-0.8533,Ghana,GH,GHA,1095808
Yuyao,30.05,121.15,China,CN,CHN,1095000
Hanchuan,30.652,113.8274,China,CN,CHN,1092700
Gongzhuling,43.5053,124.8224,China,CN,CHN,1092692
N’Djamena,12.11,15.05,Chad,TD,TCD,1092066
Ubungo,-6.7889,39.2056,Tanzania,TZ,TZA,1086912
Cologne,50.9364,6.9528,Germany,DE,DEU,1084831
Krasnoyarsk,56.0089,92.8719,Russia,RU,RUS,1083865
Zhufeng,36,119.4167,China,CN,CHN,1081960
Ezhou,30.3914,114.8949,China,CN,CHN,1079353
Astana,51.1472,71.4222,Kazakhstan,KZ,KAZ,1078362
Nezahualcóyotl,19.4081,-99.0186,Mexico,MX,MEX,1077208
Nouakchott,18.0858,-15.9785,Mauritania,MR,MRT,1077169
Hāora,22.58,88.3294,India,IN,IND,1077075
Tongjin,37.2333,127.2,"Korea, South",KR,KOR,1076369
Xiashi,30.5333,120.6833,China,CN,CHN,1076199
Yerevan,40.1814,44.5144,Armenia,AM,ARM,1075800
Rānchi,23.36,85.33,India,IN,IND,1073440
Richmond,37.5295,-77.4756,United States,US,USA,1073223
Ciudad Nezahualcóyotl,19.4006,-99.0148,Mexico,MX,MEX,1072676
Gwalior,26.2124,78.1772,India,IN,IND,1069276
Ottawa,45.4247,-75.695,Canada,CA,CAN,1068821
Zhongwei,37.5002,105.1968,China,CN,CHN,1067336
Oslo,59.9133,10.7389,Norway,NO,NOR,1064235
Goyang,37.65,126.8,"Korea, South",KR,KOR,1061929
Sendai,38.2682,140.8694,Japan,JP,JPN,1061177
Mizhou,35.99,119.3801,China,CN,CHN,1060000
Xishan,27.6461,113.497,China,CN,CHN,1060000
Barquisimeto,10.0636,-69.3347,Venezuela,VE,VEN,1059092
Hegang,47.3501,130.298,China,CN,CHN,1058665
Chandīgarh,30.75,76.78,India,IN,IND,1055450
Voronezh,51.6717,39.2106,Russia,RU,RUS,1051995
Managua,12.1364,-86.2514,Nicaragua,NI,NIC,1051236
Haldwāni,29.22,79.52,India,IN,IND,1050000
Vijayavāda,16.5193,80.6305,India,IN,IND,1048240
Perm,58,56.3167,Russia,RU,RUS,1048005
Fangchenggang,21.6867,108.3547,China,CN,CHN,1046068
Jiancheng,30.3931,104.5465,China,CN,CHN,1045900
Cazenga,-8.8214,13.2911,Angola,AO,AGO,1045722
Kisangani,0.5167,25.2,Congo (Kinshasa),CD,COD,1040000
Shouguang,36.857,118.791,China,CN,CHN,1039205
Memphis,35.1087,-89.9663,United States,US,USA,1037998
São Luís,-2.5283,-44.3044,Brazil,BR,BRA,1037775
Jodhpur,26.28,73.02,India,IN,IND,1033918
Matola,-25.9667,32.4667,Mozambique,MZ,MOZ,1032197
Ogbomoso,8.1333,4.25,Nigeria,NG,NGA,1032000
Sanya,18.2533,109.5036,China,CN,CHN,1031396
Rangapukur,25.56,89.25,Bangladesh,BD,BGD,1031388
Ashgabat,37.9375,58.38,Turkmenistan,TM,TKM,1030063
Wutong,30.6333,120.5333,China,CN,CHN,1029754
Linhai,28.85,121.1167,China,CN,CHN,1028813
Denizli,37.7833,29.0964,Turkey,TR,TUR,1027782
Niamey,13.515,2.1175,Niger,NE,NER,1026848
Shubrā al Khaymah,30.1286,31.2422,Egypt,EG,EGY,1025569
Wafangdian,39.6271,121.9796,China,CN,CHN,1024876
Zhongxiang,31.169,112.5853,China,CN,CHN,1022514
Monrovia,6.3133,-10.8014,Liberia,LR,LBR,1021762
San Cristóbal,7.7667,-72.2333,Venezuela,VE,VEN,1015623
Islamabad,33.6931,73.0639,Pakistan,PK,PAK,1014825
Xinyi,22.3549,110.9468,China,CN,CHN,1013900
Thủ Đức,10.8266,106.7609,Vietnam,VN,VNM,1013795
Morelia,19.7683,-101.1894,Mexico,MX,MEX,1011704
Odesa,46.4775,30.7326,Ukraine,UA,UKR,1010537
Raipur,21.2444,81.6306,India,IN,IND,1010087
Changwon,35.2708,128.6631,"Korea, South",KR,KOR,1009998
Arequipa,-16.4,-71.5333,Peru,PE,PER,1008290
Volgograd,48.7086,44.5147,Russia,RU,RUS,1004763
Zaoyang,32.129,112.772,China,CN,CHN,1004741
Xingyi,25.092,104.8955,China,CN,CHN,1004132
Shuizhai,33.4433,114.8994,China,CN,CHN,1003698
Kota,25.18,75.83,India,IN,IND,1001694
Quetta,30.1833,67,Pakistan,PK,PAK,1001205
Quảng Hà,15.9333,108.2667,Vietnam,VN,VNM,1000000
Domaa-Ahenkro,7.2833,-2.8833,Ghana,GH,GHA,1000000
Bareilly,28.364,79.415,India,IN,IND,1000000
